X,Y,r
12.76425152,12.91724576,31.32797189
12.77274175,16.14173234,31.19216146
12.98610185,19.0715556,31.15583496
12.68152537,22.29163882,31.2104085
12.62039201,25.77223737,31.00336181
12.61410173,28.7104991,31.57676609
12.80124294,32.144272,30.95797779
12.68748667,35.30898441,31.24539127
12.93563323,38.40031742,31.14397396
12.62028905,41.72423694,31.65123458
13.03128003,44.60706599,31.62167788
12.62992753,47.87821943,30.79429771
12.72178547,51.35980503,30.82480769
13.00367554,54.51458039,31.61583162
12.59842383,57.5370555,31.60304145
12.89040925,60.57341002,31.11805336
12.5829442,63.9321638,30.80533976
12.98493381,67.38826163,30.80890916
12.70076393,70.18372172,31.34827069
12.90176262,73.81481377,31.36993527
12.73892753,76.5516894,30.91501394
12.66022475,80.02554798,31.36373644
12.89820634,83.21109663,30.80847684
12.8277755,86.32981714,30.86496246
12.67371373,89.36019701,30.73394318
12.99338503,93.00367944,30.97426653
12.82341098,96.0649505,31.26489805
12.86788024,99.23887302,31.59342486
12.90887873,102.3867088,31.54343799
12.93311461,105.4453062,31.11151644
13.01772915,108.9649794,31.31744884
16.01319343,12.88010021,31.51984177
15.80017492,16.13556808,31.50086794
16.13855815,19.04603485,30.93988523
15.81260529,22.47599914,31.36549269
16.0139367,25.48390067,31.61174932
16.16792402,28.69450341,31.5243985
16.11326325,31.76798889,31.08377565
15.96443966,35.10162396,31.47617736
16.12986284,38.47066813,31.02705132
16.09565732,41.40356425,30.65473158
15.88050413,44.70022621,31.44091788
16.09085479,47.93045962,31.60596205
15.85984272,51.18754004,31.64204804
15.89511189,54.54628941,30.90585881
15.92963016,57.4684487,30.67749151
16.01066783,60.97480469,30.85794232
15.75206357,63.83370462,31.17295647
16.04648182,67.40084661,31.28156997
16.20165086,70.34337782,31.64447011
15.84787169,73.83143041,30.85877696
16.11496657,76.8275884,31.0626338
16.00310573,79.82596999,31.31120993
15.8626734,83.42044203,31.1660418
16.14882258,86.33001819,30.80781548
15.85318428,89.79904366,31.47219627
16.12115428,92.97189759,30.77781583
16.20234013,95.92446432,31.35607691
16.12442747,99.30659707,30.87908298
15.92847818,102.206536,31.57805961
16.21431765,105.6163088,30.71695177
16.15726602,108.6393497,30.93326782
19.10984356,12.98586513,30.72544962
18.96243523,16.2019732,31.50839775
19.03105284,19.42002783,31.62021161
19.19262902,22.18354758,30.75103945
18.97652597,25.69790286,30.9339611
19.0133041,28.64807265,31.59037092
19.34765686,31.8301523,31.34701657
19.38760666,35.40532852,30.93288494
19.01840408,38.31599414,31.11560455
18.9881861,41.66783581,31.15038518
19.04989053,44.74940343,31.02165371
19.15300552,47.93342394,31.17185546
19.13351865,51.23976664,31.31071182
19.17123042,54.37756517,30.68186267
19.12197627,57.56886399,31.24350027
19.19607047,60.8648492,31.57410173
19.13250811,64.13105509,30.97911319
19.20644949,67.31397338,31.16822406
19.33182789,70.32854252,30.69205029
19.06437842,73.7756236,31.36305533
19.13704605,76.71858873,31.20000654
19.33990656,80.20762074,31.3949398
19.19198812,83.33456085,31.49778555
19.2005258,86.55670782,30.88304392
19.10327871,89.72767884,31.04671075
19.28690313,92.88135271,31.61647322
19.04556609,95.90134159,30.67081779
19.12181608,99.37494148,30.83020349
18.97026248,102.4349062,31.30761126
19.22416649,105.7737374,31.38474779
19.27717484,108.7187956,31.04819964
22.46108135,12.72093351,30.80868733
22.36362194,15.93880612,31.16609971
22.42712429,19.3287007,30.80159639
22.20215457,22.27651634,31.19536318
22.33856221,25.81756807,31.21009023
22.38172161,28.72442411,30.75695015
22.6411921,32.03373846,30.8385002
22.32283621,35.06395872,30.92000004
22.64131507,38.39815229,31.14266548
22.43114948,41.40238563,31.08660091
22.64025786,44.75292303,31.58444209
22.21537035,48.06904674,31.14648683
22.50053498,51.41285096,30.84609609
22.2508887,54.4744912,30.81201514
22.37802639,57.7188899,31.05685978
22.16097646,60.91687195,31.30362406
22.47954592,64.01544216,31.34956434
22.41244196,67.44498278,31.61822965
22.33017519,70.5983566,30.70931699
22.34761232,73.51231108,31.14696562
22.15973827,76.80550476,30.97044951
22.49951898,79.78148121,31.36020157
22.64279189,83.04681019,31.05602577
22.36216145,86.56346347,31.6265879
22.35150632,89.69560588,31.19039437
22.41272401,93.00092374,31.64208058
22.40581181,95.88819477,31.58117885
22.3076207,99.23008866,30.95077311
22.43018576,102.4034885,31.63442267
22.29924332,105.3805015,31.47820149
22.5514554,108.919599,30.92474211
25.39654622,12.7096683,31.33770931
25.66206408,15.81248605,31.03319988
25.46985797,19.42482827,31.10832807
25.69271774,22.48545429,31.58731666
25.80779765,25.52042086,31.55850141
25.78496016,28.76711326,30.71062931
25.40618054,31.91134396,30.7612202
25.41506011,35.36537541,31.37388521
25.59715614,38.40974283,31.02180207
25.44701219,41.35622571,31.07990039
25.58802656,44.85855492,31.48099178
25.83444113,47.82800871,31.62600544
25.75983045,50.98575799,31.53766015
25.8088342,54.56673136,31.39491449
25.83506767,57.65119625,30.86464933
25.60097677,60.64175628,31.41122846
25.64893947,63.78285965,31.3160838
25.36746598,67.37626083,30.96976798
25.38347939,70.42449134,31.06662231
25.61917753,73.81183664,31.39244395
25.74894974,76.94139816,30.95875259
25.5735606,79.90160489,31.31039391
25.72187868,83.05633937,30.73833758
25.47763593,86.29122218,31.53910565
25.57411299,89.51236839,31.61196556
25.57357193,92.67215197,31.41480647
25.55226139,95.78450277,31.41266313
25.50371403,99.31657673,31.11046593
25.69190357,102.3870972,31.34218124
25.57694209,105.5283257,31.43022644
25.37593976,108.9487948,30.95917876
28.59563957,12.68339654,31.29377665
28.79126765,16.24515122,31.24330626
28.96631031,19.27552251,31.18991684
28.55738874,22.447557,31.19870245
28.81430506,25.47327412,31.22847549
28.95089831,28.75266062,31.63402715
28.81411951,32.12425801,31.09326162
28.77994378,35.21648855,31.31696968
28.61842929,38.29779106,31.20980339
28.66056444,41.75264171,31.20561022
28.66058021,44.62742962,31.16991804
28.59945508,48.13400447,30.90001304
28.66996907,51.014827,31.02520709
28.8286828,54.23859426,30.69051554
28.88469021,57.74179394,31.11281952
28.81423195,60.77392678,30.70182889
28.57082258,64.16243735,31.39313196
28.98525216,67.33927191,31.01918799
28.58273249,70.27225208,31.53749278
28.85588451,73.81017516,30.86977754
28.82376693,76.57604082,31.22491709
28.83654084,80.15461975,31.26503109
28.59171264,83.3015372,31.3726847
28.65651115,86.41520443,31.55673831
28.91839563,89.6306069,31.21670559
28.94477417,92.71671175,30.91703644
28.63779645,96.24490198,31.57490851
28.64088603,99.28344209,30.75880484
29.04205607,102.6078433,31.61835016
29.03282203,105.5756883,31.38049017
28.60974734,109.0298062,31.00415168
31.91491735,12.74823167,30.98978081
31.87031606,16.13345766,30.88078706
32.05669814,19.10466419,30.83320048
31.91265699,22.41101249,30.96422959
31.84958911,25.5648951,30.71143944
31.91750374,28.75856941,30.88005667
32.00785035,32.07598785,31.41425839
32.02561483,35.32807161,31.28046262
32.23490822,38.52375709,31.63116471
32.13900974,41.51892934,31.12206581
32.02389246,44.5811574,31.41345691
32.05646703,47.82152575,31.15207114
32.2491889,51.18362502,30.79524088
31.75160041,54.23298838,30.87318449
31.90838283,57.55324782,31.17471397
32.09038815,60.85460125,31.49860872
31.99896801,63.81863829,31.03259389
31.91003039,67.40523262,31.31040501
32.13919622,70.40238481,31.18050312
32.00600979,73.51015333,31.50081688
32.16744256,76.97295584,31.50392859
32.1992301,80.2496208,31.32229098
32.07946128,83.38293241,30.83426197
31.78010806,86.57660362,31.11511253
31.78790724,89.64044363,30.6643433
31.75149325,92.8380218,30.66130577
31.81349808,96.0856804,31.54767295
31.91729113,99.25887765,30.80400786
32.14219189,102.5693622,31.50154054
31.9886643,105.3736522,31.32411993
32.1077556,108.5550319,30.96168542
35.19399823,12.71734889,31.56885514
35.19434862,16.12714368,30.8484746
35.22147877,19.02166263,31.0919213
35.15726898,22.30848756,31.52336905
35.12796332,25.67187453,30.64076219
35.42565553,29.03485869,31.14661184
35.24535723,32.23086223,31.50661527
35.12009464,35.36246665,30.88675516
35.10298408,38.32549875,31.60970027
35.24963097,41.46339623,31.52698552
35.33554466,44.67277552,30.92299072
35.44687484,48.17028522,30.65720653
35.08521653,51.12350355,30.69151347
35.36131279,54.54639276,30.86234365
35.13226933,57.5204677,30.75706992
35.38269625,60.96543329,31.63338624
35.11357058,63.79290918,31.50923819
34.99138336,67.31055118,30.69855645
35.31335719,70.33421099,31.08746958
35.15750883,73.52681098,31.29669123
35.13564755,76.83466168,30.95396011
35.33585708,79.88657826,30.93947769
34.9926693,83.36617212,30.8224571
35.22831331,86.4521661,31.26760141
34.96867765,89.64082039,31.64366973
35.11076788,92.84512221,30.8370081
35.2435394,95.99009988,31.17467037
35.1463487,99.05653162,30.83460314
35.38545753,102.2367454,31.33737659
35.23185675,105.6577101,31.26222649
35.24721141,108.7560126,31.26879231
38.24311247,12.89833869,30.72695126
38.32074218,16.12048495,31.38542239
38.20444568,19.00216864,30.8540132
38.2986443,22.52787968,31.06547828
38.5233176,25.59832389,31.6451219
38.37641948,28.88223724,31.59435673
38.30333158,32.1533381,31.61946415
38.24505817,35.12230505,31.24930437
38.20415177,38.37181258,31.45638835
38.55065947,41.35275457,31.15692428
38.44125899,44.94714864,30.95309806
38.15102291,47.82440597,30.86138846
38.60797217,51.34548323,30.84563224
38.17106836,54.51796832,31.35945895
38.42911049,57.79470254,31.35635484
38.40395915,60.69067048,31.26893995
38.18067112,63.77540883,30.72603889
38.22980314,67.37015755,31.42670682
38.63489755,70.43571537,31.30949242
38.34880709,73.40502802,31.03636619
38.51511362,76.97674443,31.65180761
38.25075906,79.80638647,31.16160948
38.56969806,83.1807035,30.88756351
38.46771395,86.23978695,31.23149891
38.4995748,89.37841458,31.45958351
38.28175717,92.65194194,30.80181301
38.5985938,95.77817157,31.55613908
38.18472146,99.14157201,30.84862571
38.59117749,102.2028009,31.26590865
38.5117318,105.808771,31.13514134
38.27660795,108.9068,31.15376558
41.84041635,12.85126348,30.76601865
41.39162094,16.03476518,30.85623417
41.55496488,19.01136546,30.6561044
41.56249476,22.33345964,31.37809796
41.3594015,25.4550258,31.53918265
41.74340171,28.66504298,31.31707498
41.59362719,31.90863535,31.55496109
41.40154684,34.98336883,30.81874265
41.74076191,38.32517796,31.58329902
41.35597236,41.4680293,31.00087722
41.37807236,44.78144731,31.30855167
41.35250879,48.04950154,31.26401421
41.40329031,51.0490918,31.31800536
41.70317931,54.24093481,30.82364311
41.52069662,57.38636262,30.82573046
41.41193212,61.01095324,31.0035522
41.59634582,64.22243991,31.11023244
41.83357603,67.05684913,31.03870445
41.61680636,70.53121209,30.70562884
41.53779412,73.46254203,30.66368759
41.61079148,76.8163832,31.072381
41.67511052,79.85067827,30.7101344
41.51805565,83.25478355,31.15694547
41.76668537,86.2632462,31.29426204
41.61493174,89.66975833,31.10783295
41.46481282,92.63008212,31.50324156
41.73088369,96.13150939,31.15530946
41.45599723,99.30964167,30.67095862
41.61544994,102.6062652,31.21176607
41.80348248,105.811412,31.58200784
41.43995235,108.701154,30.90280961
44.69219725,12.75804235,30.77780498
44.95831926,16.0948875,30.65595845
44.61747681,19.28546296,31.47795931
44.92627169,22.51552972,31.37018341
44.75674801,25.36866254,31.64934898
44.95580526,28.91207306,31.25369416
44.57073091,32.09032467,31.00524059
44.65825953,35.39971758,30.92839841
44.68216341,38.45332944,31.32249017
44.73924287,41.84210691,31.34246083
45.0122758,44.72132965,30.83281105
44.563818,47.90577167,30.90535415
44.77078109,51.1987801,31.12957154
44.67676564,54.24933841,30.92478501
44.65875577,57.37229503,30.73299486
44.57480134,60.95687925,31.45134261
44.76878636,63.96020862,31.38139827
44.65262039,67.44977708,31.30923785
44.7917565,70.54221373,30.64854736
44.86964585,73.73648146,31.13516296
44.76464968,76.56595363,31.53857546
44.80935474,79.98453009,31.42225939
44.7187426,83.15244196,30.9954842
44.92805733,86.52421089,30.97885382
44.71256416,89.74718577,30.63918514
44.91500457,93.01823978,31.4665182
44.85899507,95.7888867,31.18617343
44.71069862,99.15682901,30.64463913
44.58088307,102.1925952,31.02046967
44.85528155,105.3625211,30.75060408
44.95454882,108.5691932,31.45566629
47.93409437,12.66878899,30.71873853
48.19842276,15.92825133,31.06499966
47.92138898,19.41201989,30.70341125
47.84206632,22.47172251,31.13368261
47.86436301,25.5367477,30.91142216
47.89281484,28.58342956,31.0536474
48.13337398,31.86549363,30.79752246
48.05804673,35.43420608,31.04503635
48.03936166,38.55528205,30.88869327
47.86816892,41.50704995,30.75942848
47.7652446,44.55345108,31.52778995
47.77891186,48.04023862,31.14846284
47.85395724,51.38354121,31.64600865
48.24432752,54.55833491,30.7225536
47.98750257,57.55813712,30.81170951
47.93236557,60.97545855,31.51792385
47.9163956,64.04053763,30.98036584
47.87990269,67.38019825,30.77062119
48.02387226,70.30212867,31.58895837
48.00909999,73.73653946,31.35195065
48.13423902,76.64733453,31.129677
48.05196354,79.8601827,31.27073591
47.79973817,83.10302214,31.36026578
48.05498305,86.15462759,30.85230699
47.92530364,89.79423345,31.48187113
47.76072368,92.71639739,31.59193636
48.21558249,95.85312101,31.22224159
47.78824595,99.04377933,31.34031184
48.05359703,102.5329617,30.64640609
48.15922877,105.7084554,30.854992
48.04542255,108.8241233,30.9798454
51.37646003,13.01572766,30.81951137
51.04101239,15.93902004,31.49935461
51.04948415,18.97471927,30.87300394
51.03958825,22.54806539,31.39028185
51.42930539,25.76888592,31.18558964
51.25493477,28.70650582,30.77949503
51.34840895,32.05311576,30.90203832
51.32323281,35.39251746,31.50244956
51.07131739,38.59243488,31.09560895
51.18440471,41.70430205,31.43422555
51.00528396,44.87992724,31.51423119
51.14339356,47.92624909,30.67357997
51.29575164,51.10035769,31.31345743
51.04277061,54.26111355,30.6408645
51.41595269,57.61137319,30.68369613
51.09354584,60.58758425,30.98973649
50.98502393,64.23915705,31.59393497
51.03605662,67.22761781,31.52565144
51.17401255,70.31041139,31.00512886
51.42780952,73.83291332,31.38405473
51.18414767,76.96754267,31.61931843
50.9801502,80.12490249,31.10969546
51.40675236,83.43892537,31.63094898
50.99063651,86.34763058,31.42703329
50.99917145,89.56111879,31.17101986
51.04298959,92.91790287,30.80819893
51.23608984,95.97491196,31.62094294
51.27149825,99.38207175,31.30687273
51.12061651,102.5420717,31.56804465
51.1117513,105.4138394,30.97171707
51.36450912,108.6546688,31.50114707
54.32198664,12.91031237,31.29657258
54.34073674,16.03590411,30.65523218
54.18796911,19.15322189,31.47091726
54.42484718,22.59293559,31.64474566
54.28228267,25.77998579,30.92014095
54.20290493,28.7092384,31.4167969
54.45007732,31.87624785,31.4261823
54.62539142,35.26383705,31.33089204
54.2510111,38.54037767,30.70494529
54.56982052,41.63590864,31.03757389
54.30861535,44.58537497,30.80471527
54.15787726,48.00336683,31.22046382
54.49755057,51.22710202,31.38597265
54.44950961,54.51058646,31.05730912
54.45312788,57.8057192,30.91099001
54.43584841,61.03964381,31.13050756
54.51247116,64.21219864,31.64889487
54.37783038,67.44444741,31.49647277
54.32169476,70.31679105,31.50134013
54.16239935,73.73213456,31.09219155
54.46847185,76.82132061,31.47977562
54.4731605,79.80110842,30.84218669
54.62436845,83.08218305,31.21526292
54.19736283,86.47009077,30.95545768
54.30631801,89.57592178,30.68251767
54.61608469,92.65756534,31.34888044
54.49161162,95.80425724,31.29091732
54.54949742,99.19598682,31.26035112
54.44577893,102.5604443,30.70838181
54.2540822,105.3901304,31.42499061
54.24773457,108.6038327,31.43745448
57.40872428,12.86417415,31.51636406
57.36633742,15.91658497,31.36123623
57.68628923,19.29372297,31.03482693
57.71516258,22.30203089,31.63483444
57.44238744,25.6260509,31.1131909
57.77981997,28.90374963,31.4232616
57.69279269,32.15368035,30.94702214
57.81019897,35.29629184,31.34000372
57.44439814,38.60202562,30.7092748
57.76471556,41.4598783,31.37102025
57.41762844,44.71215649,31.55569196
57.55518538,47.79578084,31.28574494
57.68486748,51.07551507,31.05418124
57.55927492,54.33896878,30.86312511
57.58427671,57.64246071,30.73160697
57.69740576,60.77739607,31.29652342
57.39337919,63.95151803,31.14008869
57.49598706,67.01230402,31.27794323
57.37178413,70.25120311,31.61287684
57.68385107,73.61891464,30.78518666
57.40742717,76.8113028,30.9166846
57.49376679,80.19188964,31.51550428
57.62570122,83.34548209,31.2572011
57.4659068,86.18493005,31.27281394
57.44585297,89.59209473,31.20952971
57.67514217,92.97889142,31.15253649
57.69401995,96.22507182,30.81625177
57.4290405,99.03778971,31.04920252
57.50728331,102.3917637,30.85277645
57.60844207,105.6370728,30.79988424
57.38811115,108.7996097,30.77754198
60.55661391,12.69952138,31.04960667
60.99425258,16.23690444,30.93436927
60.57983344,19.09083692,31.61742592
60.57612665,22.55748096,30.7864505
60.6690992,25.79817391,31.19293835
60.75707652,28.69850587,31.01549008
60.76056461,31.82166585,30.93614185
60.59299131,35.16028054,31.60968865
60.88037943,38.54770725,30.73891903
60.92860903,41.3578097,31.37075802
60.84952371,44.88445165,30.93137838
60.61699899,48.21235418,30.89393473
60.60778247,51.03988777,31.09479176
61.02224733,54.39337429,31.61096721
60.89123588,57.73936886,31.27616518
60.97722073,60.69523876,30.96639856
60.62264012,63.80447009,31.00107064
60.99328317,67.15807439,31.30266275
60.99907391,70.64004909,30.87140591
60.64384087,73.66713128,30.64953496
60.88622557,76.80138465,31.65110351
60.66859033,79.89003867,30.7050896
60.75369577,83.43826846,31.06234336
60.9703445,86.53632643,30.69285787
61.01069092,89.53792513,30.91342057
60.80131211,93.04858719,30.7644858
60.72648208,96.01363513,30.99687527
60.56070502,98.95965405,31.34561261
60.84500467,102.310936,30.97047951
60.75054886,105.7751689,31.31691311
60.6279736,108.8282768,31.34884239
64.22066116,13.03961839,31.24311466
64.12292352,16.11794484,30.7682491
64.15365499,19.14643524,30.83678015
64.15114531,22.5892243,30.78009313
63.91467702,25.6153589,31.1912969
64.16977361,28.74211626,30.7851611
64.06118804,31.80135074,30.99454747
63.86564848,35.27781929,31.0093471
64.11491275,38.57283043,31.45041322
63.85923424,41.62790916,31.09997272
64.23347062,45.04678329,31.30227739
63.82058629,47.85643846,31.22995947
63.82927239,50.98207085,31.02582986
64.009146,54.29055181,30.79539405
64.24505717,57.50281954,30.96688028
63.78423879,60.73899173,31.64805307
64.22044516,63.94876251,30.72992589
63.75815025,67.28287013,30.75484848
64.00888103,70.27440947,31.31350773
63.88865551,73.74808041,31.00198272
64.12934291,77.04391982,31.58899304
63.93287662,80.0937252,31.23637186
63.86219198,83.19355379,31.27370677
63.80934307,86.57593473,30.84299721
64.22353768,89.35857672,31.46637742
64.04013053,92.67145078,30.71559436
63.77749366,96.18649152,31.2325219
64.06995258,99.37035133,30.97094017
63.77069914,102.1834742,31.06383459
63.88408068,105.5722908,31.0697489
64.19848114,108.7658875,31.04960353
67.27887584,12.89496704,31.1549545
67.44842951,16.06912464,31.22650468
67.25033278,19.29606251,31.53493681
66.99918233,22.41177585,31.37792532
67.25506772,25.68179668,31.49549952
67.43219118,28.82689725,30.76901468
67.35832341,31.85253498,31.26040609
67.38043259,35.02102799,31.55626494
67.31738974,38.18875151,31.64166042
67.01036088,41.38152388,31.06078508
67.07940645,44.90762081,30.96596473
67.33123432,47.79857886,31.4602479
67.1795565,51.11843775,31.31300401
67.19389443,54.4188871,30.65255235
67.02402503,57.72374064,31.52625201
67.4008734,60.56532078,31.35468451
67.16709901,63.83801237,31.25160959
66.97470466,67.18199838,30.79294031
67.31678243,70.52083468,31.03561987
67.25631152,73.78911874,31.62399957
67.42830218,76.74637063,30.99627897
67.13034896,80.05693561,30.84287879
67.36987956,83.15605013,30.80384392
67.29937361,86.2332479,30.85995057
67.27014233,89.76633359,30.95297684
67.15371673,92.78378056,31.05319532
67.28155251,95.92842874,31.4840708
67.40893541,99.22983105,31.28462859
67.11922468,102.4618356,30.66900504
67.30771689,105.7925564,31.53156217
67.35951002,109.0085943,31.4686888
70.50810196,12.9858165,31.16380522
70.36707562,16.03043485,30.87530554
70.15009829,19.21855555,31.49382556
70.5813316,22.61451014,31.18917252
70.50245466,25.79921836,30.85019612
70.54897171,29.00532763,31.25769195
70.31959232,32.17938498,31.26036518
70.20140385,35.10788227,31.46055862
70.33240345,38.2874726,31.4094329
70.57407039,41.54631577,30.6552876
70.30660077,44.60368677,30.74528425
70.48100864,47.89023489,31.38866289
70.57958283,51.29942564,31.16384024
70.26948958,54.64079549,31.36400242
70.43518981,57.36301244,30.66748449
70.45160961,60.58592712,30.9133594
70.30072501,63.75863096,31.02089212
70.63471048,67.25907321,30.71162035
70.37561699,70.29033929,30.96656191
70.29750239,73.360822,30.73577744
70.4260973,76.96803655,31.60819474
70.58376508,80.12780297,31.56506611
70.6052688,83.29725788,31.10168902
70.41050219,86.25822397,31.2907848
70.2829397,89.53967244,30.66299052
70.31242364,92.62842398,30.78171293
70.49459811,96.11615959,31.62283997
70.56963121,99.1598164,30.95288182
70.24390235,102.4493382,30.80194691
70.2903822,105.8205981,31.22870188
70.51806172,108.667424,30.92696017
73.72586349,12.56662615,31.50330171
73.39555878,15.86194092,31.11292288
73.47635314,18.96949069,30.82638633
73.56184257,22.20858517,31.13538051
73.82757226,25.84995199,31.62380544
73.56263,28.99751924,30.82453127
73.68381391,32.17872462,30.93290169
73.43903971,35.14835603,31.42201595
73.59503154,38.64579194,31.60932434
73.51810951,41.50420085,30.89682893
73.4851105,44.72559168,31.30205627
73.49946631,47.82164168,31.6067777
73.56178013,51.19727955,30.93183464
73.63769919,54.47363003,31.46835119
73.6425415,57.41694612,31.52447202
73.69231058,60.84962742,31.1445695
73.75598577,63.76366165,30.99039819
73.4421205,67.06239249,31.27140124
73.50287817,70.30622422,30.70620027
73.68599904,73.69578371,31.45800094
73.78638259,76.86248584,31.61472898
73.77680189,79.9529528,30.90547227
73.64580188,83.24813179,31.18772947
73.36038399,86.18930366,30.7371511
73.55320863,89.63678802,30.86095426
73.61656637,92.93959199,31.3053861
73.65734169,96.07833168,31.36979548
73.42393101,99.17354054,31.13836313
73.58414332,102.3472798,31.13208766
73.49531896,105.639345,31.44234113
73.52831182,108.9181313,30.95944816
76.80135064,12.6431066,31.4512258
76.62433692,16.23367536,31.26098538
76.70470237,19.20408414,31.13035034
76.81422366,22.35863181,31.52143428
76.84491103,25.79130728,31.23626631
77.00301607,28.59282832,31.48746671
76.87550675,31.84652939,30.68995343
76.90868213,35.41907967,31.44501612
76.60276012,38.25953245,31.32736981
76.59394689,41.81717942,31.50871641
76.8682506,44.97042187,30.68375069
76.88694682,47.75193697,31.18897426
76.94120042,51.04262463,31.18662756
77.03821214,54.45223036,31.23829429
77.0299493,57.37846542,31.23465996
76.66085245,60.84044956,31.55059304
76.64694457,63.8741959,30.84963869
76.62582036,67.09670551,31.27812832
76.68662213,70.43635219,31.06773809
76.70912828,73.46717969,31.51046592
76.70055287,76.90631534,30.84925004
76.91289337,80.05098939,31.00584829
76.9792298,83.06495009,31.61390062
77.00708558,86.42494353,30.997825
76.67487078,89.51419658,31.37393976
76.96385379,92.59056418,30.96304984
76.82461189,95.85749033,31.23240651
76.58130516,99.35274864,30.87642513
76.75846641,102.2258853,30.66905827
76.71861251,105.3644472,31.44687858
77.00142442,108.8217549,30.82287817
79.86367184,12.5974638,31.09791262
79.84482619,15.99404591,30.88764951
79.97862816,18.98017053,31.11139846
80.14804903,22.45233395,31.10832077
80.23893827,25.52691353,31.54492479
80.22935614,28.87373244,30.75784315
80.01978147,31.98324868,30.67716268
79.97843793,35.06963892,31.10359779
79.77217323,38.52347332,31.3357403
79.95615789,41.61918167,31.08487358
79.91920543,44.81190552,30.89715117
79.94606629,47.96467865,31.2982636
80.21517724,51.17549155,30.88138823
80.00786695,54.50123712,30.91706234
80.05199158,57.43461639,31.39091695
79.95471218,60.8948689,31.3307343
79.82219225,64.06399241,30.63920005
79.80120084,66.9884962,31.14310037
80.07301664,70.48050117,30.80396577
79.85395446,73.78022311,30.86385245
79.81083912,76.87986334,31.41395129
80.24164662,80.08324772,31.43149382
79.94037998,83.16901175,31.28597399
79.80636027,86.60178986,31.21664566
79.94805509,89.66604257,30.85253394
79.90314838,92.78240942,31.48508739
80.0638411,95.86461958,31.06353026
79.77967253,99.42509038,31.16678674
79.76103133,102.1847066,31.35167747
79.83279476,105.6634654,31.52922955
80.0782572,108.7565031,31.45620208
83.16049631,12.86247136,30.79555655
83.11605142,16.2198844,31.02249806
83.05992938,19.15688453,30.74702437
83.39709322,22.58602413,30.7407989
83.13445945,25.54563565,31.42463371
83.18049679,28.71509807,31.27318232
83.43574895,31.96358112,30.65030462
82.99715738,35.08863927,31.26570731
83.13353283,38.39760982,31.56910347
83.15876244,41.37705407,31.06829762
83.15990568,44.7037818,31.089778
83.11203973,48.12687796,31.08666931
83.39462442,51.30142002,31.37166738
83.18558345,54.27029707,31.21856574
83.25080169,57.66603029,31.25883407
83.02613358,60.56631027,30.70403427
83.14536483,64.16792437,30.80259831
83.14618323,67.20790691,31.02387443
82.96365548,70.42842107,31.63276092
83.12978927,73.45463518,31.53939222
83.25254483,76.99050059,31.36000148
83.16846095,79.77493608,31.17049462
83.00143946,83.22578691,30.72261559
83.22400169,86.60761806,31.35582098
82.99555285,89.52473337,30.91929427
83.24017904,92.97684722,30.80134863
83.35081745,95.94188634,31.1975186
82.95009772,99.3200282,31.08378356
82.96481247,102.593102,31.00341913
82.95115076,105.5129506,30.92247192
83.24308218,108.7265912,31.06860104
86.64521226,12.90999587,30.72422417
86.16137456,15.77626115,31.25824501
86.36705163,19.02967064,30.97386781
86.63441914,22.16941991,31.1998144
86.53924509,25.84369326,30.77813826
86.17397725,28.63696383,31.05026625
86.31156912,31.96132812,31.1450132
86.31811576,34.98266108,31.48768136
86.44137462,38.32536619,31.11465748
86.41914105,41.8488113,31.45002928
86.29529598,44.95699813,30.83546743
86.34745639,47.85467339,30.83700071
86.59510061,50.9682654,30.98095098
86.60362255,54.51028379,31.54264209
86.64205422,57.6389646,30.75901052
86.51049643,60.89004056,30.82772961
86.3791767,63.97987989,31.07958479
86.28232288,67.17542793,30.68286206
86.27576354,70.3292185,31.42820447
86.39265459,73.80125651,31.37158546
86.64354798,76.65412446,31.58581598
86.28797519,80.06479424,31.26714445
86.61887875,83.35414533,31.30157833
86.61890035,86.18216279,31.07459645
86.17028841,89.48852718,31.44018127
86.28583216,92.90137469,31.62052452
86.61582735,95.97421262,31.26526235
86.22094148,99.40638609,30.89459701
86.25953838,102.4264169,30.92239817
86.45335352,105.3715401,31.30989296
86.38144698,108.9386574,31.26071622
89.49572573,12.94460048,31.23203101
89.6109264,15.83919013,31.13460187
89.6794329,18.96724604,31.32972393
89.40504403,22.47762581,31.35697902
89.81204841,25.77060801,30.97265972
89.51955474,28.71396427,31.63760024
89.38926545,32.14495054,30.76243231
89.55902321,35.24623026,30.7029634
89.40424428,38.29438662,31.38303805
89.66515399,41.69227884,31.62694116
89.69111804,44.55636056,30.74183181
89.49213333,47.91377002,31.25443452
89.84076426,51.40433351,31.55814699
89.73079908,54.19365897,30.76791398
89.79821697,57.40554715,30.97742462
89.72851378,60.62657689,30.78937753
89.37609444,63.93074045,30.94788218
89.37661577,67.20647748,31.34735802
89.54341749,70.53769463,31.3326522
89.56232352,73.72092406,31.00183278
89.47419355,76.57548119,30.79284516
89.60696805,80.18639231,30.78433541
89.46514121,83.18128811,31.36891715
89.73742849,86.18396362,31.65100228
89.45693049,89.46669907,30.75841439
89.76264573,92.57978408,31.62198104
89.51831368,95.81530097,31.15101499
89.75208921,99.23966409,31.06200946
89.77752182,102.3384944,30.87810147
89.63805187,105.4721936,31.50461514
89.41030184,108.6613824,31.29402854
92.89302503,12.8178515,30.82087659
92.73036625,15.95934957,31.26946943
92.71099,19.44114165,31.29959656
92.99180861,22.6035259,31.00492275
92.73413848,25.56460393,31.07350157
92.83780803,28.86951934,30.75624034
92.61243002,31.98445341,30.89855485
92.86398752,35.32592959,30.98659704
92.86169945,38.55552941,31.23843581
93.00608851,41.80225114,30.88644686
92.90833454,44.80726232,31.05075997
92.583672,48.0077697,31.2031067
92.65934442,50.98346851,31.09369288
92.65827288,54.2070994,31.64814811
92.58219354,57.5528484,31.32778157
92.62788232,60.68673544,31.61423412
92.90377628,63.8620626,31.50565817
92.60463335,67.37199749,30.97701999
92.66290717,70.22826123,31.11736721
92.74756451,73.57873867,31.10007518
92.9757018,76.89294131,31.18680493
92.84733667,80.00919515,31.31641207
92.99822323,83.38400738,31.56789394
92.58477791,86.2263514,31.61472652
92.69576918,89.45791007,30.79029688
93.01013162,92.96619605,31.25131494
92.65317469,95.91873798,30.70060496
92.91488262,99.27224333,31.47071469
92.78550552,102.2361376,31.19204947
92.8930365,105.5616953,31.56648693
92.93351715,109.0089362,30.92559662
96.01263583,12.80395319,31.0632177
95.90159491,15.86994338,30.98142454
95.8808704,18.96344624,31.19785085
95.85507438,22.38869199,30.76552414
95.88747406,25.46808595,30.69087857
96.09944406,29.00791447,31.11635075
95.81494421,31.93522385,31.07153258
96.05805525,35.40677572,31.25173854
95.86170232,38.64068925,31.44382497
95.89305928,41.57929049,31.32738869
96.12231857,44.82811542,31.17546917
95.78934309,48.23251671,31.53277951
96.17125201,51.20771889,31.41728892
95.94354287,54.56951454,30.8800102
96.10948151,57.56640685,30.89310475
96.05501089,60.56644593,31.08839613
96.05840218,64.03608772,30.8507165
96.24061039,66.9781899,30.9801696
96.21036249,70.19205981,30.91981108
95.92021367,73.43184832,31.48464074
96.17021704,76.77835311,31.2868207
95.84477821,80.0925175,31.08467527
95.94726986,82.98189924,31.53502964
96.063876,86.51070019,31.30045614
96.08198345,89.80240447,30.9316736
95.75455096,92.88573341,31.54556403
96.01682836,96.18980089,31.13352322
95.95837948,99.10460676,31.42391201
95.94564843,102.2461507,31.41696785
95.89860907,105.5405464,31.44371659
96.00091666,108.9138788,31.08028861
99.30709184,13.00233563,31.61375598
99.24604563,15.86682802,31.55057402
99.23459489,19.07337872,30.72983451
99.01187394,22.53593245,30.9033884
99.16764308,25.43882156,31.2318636
99.02593271,28.56239628,31.51543745
99.15384002,31.88944706,30.74078103
99.20995579,34.9739867,31.43813224
99.21652783,38.44507259,31.63122643
99.35948686,41.45829145,31.10591773
99.37993367,45.02911045,31.35361151
99.21492432,47.89958405,31.59309594
99.00095679,51.22320662,31.52285469
99.25326936,54.2535797,30.82023019
99.1419713,57.39883251,31.55237585
99.37245212,60.7444567,30.96154794
99.34401954,64.14770487,31.60454018
99.26511101,66.9935186,31.08163032
99.28477104,70.55790889,31.4217146
99.4037001,73.81387196,30.91542326
99.43062211,77.00759931,31.07081493
99.18379967,80.03049463,31.45603793
99.41731114,83.27315478,30.79467448
99.39750491,86.31006982,31.42915415
99.0184244,89.37366021,31.45226572
99.33376769,92.60996066,31.14940553
99.18616755,96.19859239,31.20584908
99.42756651,98.98070045,31.18764114
99.27377774,102.5905836,31.60434594
99.0047795,105.5813735,30.75854131
99.17395134,108.6801385,30.9943524
102.2825462,12.75782074,31.2103499
102.4061783,16.21403015,31.22311849
102.5937158,19.13831351,30.71113386
102.2451396,22.23160669,31.0840922
102.3846927,25.59745056,31.6509025
102.6170947,28.66240888,31.398131
102.6144271,31.9107255,31.42918771
102.2436737,35.22826518,31.5055732
102.2403125,38.26455116,31.59401248
102.3572794,41.64993594,31.57632242
102.2726296,44.84292944,30.73569739
102.4811165,48.05702549,31.63775484
102.4637549,51.00982444,30.97132632
102.5705494,54.31390991,31.11448418
102.2415106,57.75911356,30.65020396
102.5626622,60.62105535,30.74017166
102.6210295,64.22899184,30.85869772
102.5058978,67.37610204,30.87854892
102.4545112,70.20270436,30.84628522
102.5666494,73.40408889,31.63336158
102.5032435,76.64248182,31.37380691
102.3346807,79.79119372,31.33545708
102.4412641,83.42855416,30.72256396
102.4742488,86.18136414,31.31596119
102.5250391,89.60011739,30.83261573
102.3928052,93.02021401,30.88497054
102.2885307,96.02012852,30.72287884
102.2241504,99.35556055,31.07431837
102.2480314,102.5108036,31.24626679
102.5479163,105.4289771,31.54606777
102.2261388,108.6316938,30.85931673
105.5976483,12.61399146,31.49268276
105.6258016,16.15277976,30.72268353
105.6371156,19.35988407,31.50670391
105.6586349,22.23083022,31.37914006
105.529975,25.67694796,31.30323424
105.6962676,28.74809586,30.65944813
105.5408101,31.89252612,31.19494127
105.3644739,35.05772228,31.09787245
105.4963688,38.30371862,30.7288086
105.8293422,41.67316393,31.52495074
105.7286786,44.5980369,30.68976758
105.5831628,48.16051805,31.2802393
105.6060522,51.01038621,31.63606877
105.3572704,54.64999934,31.6514226
105.6363594,57.76325113,30.71943316
105.5837139,60.70093017,31.13353234
105.751939,63.96195927,30.93283357
105.4526292,67.3796214,31.52832959
105.5105263,70.24189805,31.60207763
105.7371905,73.53451893,30.71163174
105.5715719,76.58955963,30.99919821
105.6830148,79.87799078,30.74060719
105.4323253,83.38428895,31.65145923
105.3838941,86.60912981,31.53654164
105.53306,89.8326099,31.12756733
105.6907309,92.9369471,31.25151817
105.465813,96.09200463,30.89702336
105.825552,98.98833091,31.38468607
105.6460164,102.506021,31.3663406
105.4974753,105.7101463,30.7953307
105.4313934,108.9975829,31.00115952
108.9378115,12.94038894,30.66676313
108.8948487,16.21718407,30.83376132
108.7420717,19.00078951,31.14746137
108.7182145,22.48369535,30.99240482
108.9121333,25.36466498,31.39786045
108.9886748,28.58519285,31.08240096
108.7699222,31.90608075,31.13246093
108.6900057,35.39456702,30.91862963
109.0073904,38.29527532,30.85880111
108.784041,41.38178477,31.56229088
108.7526773,44.55017396,31.0628163
108.6742957,47.97302026,31.61841471
108.8022879,51.08985547,31.3725094
108.6871666,54.3570514,30.94531335
108.8786609,57.71184719,31.20692462
108.8675872,60.84829699,30.97827423
108.8975031,64.04012296,31.60785082
109.0110095,67.04086943,31.26459318
108.8542634,70.61567932,31.14935813
108.97859,73.61301807,31.15600024
108.5641237,76.92656483,31.31833211
108.9674532,79.76633823,30.68462211
108.6148791,83.29923747,31.61073466
109.0329083,86.40912076,30.97252613
109.017085,89.69812519,31.25555592
108.7844945,92.81821733,30.70568079
108.6608437,96.10526457,31.45954267
108.8027284,99.13879622,30.70552017
108.8136075,102.2768927,31.3237525
108.948431,105.7063639,31.45725612
109.0183718,108.7988668,31.04576606
85.06443024,11.03247643,19.85422
55.8400383,69.56990814,20.34164384
66.17111969,68.62060547,20.07326421
15.5025816,102.5671387,19.81835046
108.4578857,33.79644775,20.03114542
21.82660866,98.03108978,19.77265163
93.71168518,76.83386993,19.80576839
29.45128441,53.17708206,19.85517621
53.15638351,28.38747025,19.68311812
86.41217804,50.32662964,19.66130249
67.08239746,84.73931122,20.07381181
34.91661072,90.30649567,20.22353296
60.77811813,30.33671379,19.74474138
100.6155243,87.72634888,20.2818666
73.85566711,94.15582275,19.89953026
72.92668152,11.67423248,20.33272144
42.75085068,51.17389297,20.21901033
72.2468338,42.93741608,20.22824557
85.14489746,109.9536514,20.03351669
77.80337524,53.78487778,20.1165772
40.57966995,93.18792725,20.21873391
76.88188171,68.01908112,20.29358597
103.7647629,95.32210541,20.14592715
96.49965668,23.55051804,19.91435662
38.85128403,105.301796,19.95134558
55.6235199,109.7189636,19.63428866
53.08800507,42.01057434,20.31069729
30.5435524,35.64735031,19.98432654
18.44633102,93.83842468,19.88739727
46.74520111,51.1659317,20.13395046
85.22694397,48.16944885,20.00157102
34.83572388,65.72737885,19.78369703
30.27411461,79.53672028,20.32763229
89.29933929,101.5992126,20.16196041
54.84914398,40.71885681,20.30688936
23.26869202,32.19604874,20.00769361
90.30853271,91.70885468,20.05253331
89.80560303,98.64489746,20.05513647
32.42041016,56.7648201,20.02496981
60.89124298,38.02468109,19.82632718
14.29943562,69.93634033,20.17767847
32.45649719,70.2869339,19.74596812
24.90386009,45.25685501,19.65491419
73.74933624,68.7960968,20.01450955
13.4462719,79.51976013,19.81385075
72.63792419,37.59665298,19.98086632
89.56336975,66.72021484,20.04706391
75.22734833,44.68188858,20.13436254
90.69379425,52.28403473,20.34184342
13.63946915,17.90744972,20.00702467
17.03828621,59.77886963,19.97961874
33.6027565,96.75293732,20.33870728
25.25465775,61.35046005,20.02165627
69.7197113,30.44309425,19.84875359
68.83368683,48.4307518,19.83319215
109.1552353,106.0671844,19.9524379
55.20244217,88.19655609,20.14474753
82.39445496,37.84365845,20.08057377
89.9967804,38.48883438,19.71693686
91.03050232,72.16256714,19.75599742
16.81904602,108.278389,19.85887219
101.2507553,12.08041954,19.88935346
91.26565552,51.74763107,19.61555696
82.53739929,101.8752747,19.96647733
27.15790176,34.05625153,20.04790809
68.96075439,77.96899414,19.70070939
43.35501862,22.21050644,20.00221172
109.4648972,53.5610466,20.3158075
109.2585373,73.61127472,20.18287331
103.4159164,89.30809021,20.20447062
65.28369141,97.83317566,20.20154777
28.82096481,88.2540741,20.22147221
59.17028046,39.67194366,19.86190314
85.84355164,70.22587585,19.8880342
63.65606689,53.79760361,20.11498677
19.81877899,27.21620369,19.77557004
47.05729675,42.86148453,19.76593284
70.13595581,78.43508911,19.66343051
104.594635,59.14839554,19.61958493
59.82479858,108.4017563,19.6824742
26.89231491,108.3588791,19.70881228
73.80357361,69.21199799,19.94796965
91.12298584,59.00914001,20.346836
53.39393997,57.3012619,19.9489291
31.36758423,86.67134857,19.89825834
81.86084747,22.24722099,20.13376937
38.16653824,53.28864288,20.16233286
99.29224396,103.5321274,19.75553378
69.15454865,28.68886566,19.61462117
103.4508972,60.22120667,20.31050785
107.4828644,39.43877792,20.01477727
10.92766953,100.449585,20.01751879
99.17676544,37.54311371,19.94260385
28.71532822,58.56365967,19.78728868
23.85236931,75.47431183,20.03991974
60.34026337,15.82265091,20.27488213
38.85144806,75.82131958,19.88394821
22.51945496,17.81046104,19.88428515
73.93882751,72.417099,19.67537633
27.463974,24.99350357,19.99473119
69.88502502,45.13024902,19.70841464
106.8139725,27.0460434,19.85848953
105.203598,11.40598297,20.02245854
98.46160126,36.85412979,19.86688551
53.99396133,51.75852203,20.17333811
20.71396255,47.29431915,19.91187135
22.26088333,34.70678329,19.68402971
28.67662048,35.44736481,19.71776365
94.99202728,75.43180847,19.64321516
93.01607513,51.81376266,19.79866684
13.84548378,59.38169098,20.08192295
105.4675751,105.4992981,19.99430473
61.23477554,36.38618088,19.72629227
71.11054993,28.4165802,20.08449411
68.2960968,26.77449036,20.26019801
102.9060974,10.5787611,20.28040938
57.06153107,54.48697281,19.75139158
19.47665024,17.62979507,19.73175995
17.2493515,36.33073425,20.33689118
34.40058899,42.86285782,19.72722915
19.43481445,74.64250946,20.18113497
49.85479736,82.27415466,20.34254286
65.56716919,57.84944153,20.2323381
97.06795502,62.61222076,19.82241965
59.20544434,98.54106903,20.09337366
84.08448792,58.52550888,19.76765365
16.13139153,97.94145203,19.67296947
50.97589111,59.25267792,19.82232985
74.52620697,51.74381638,20.14349427
26.00406647,44.97381592,20.17408268
35.5183754,12.0143795,20.3621329
41.88639069,44.65594101,19.9453739
59.58134079,56.93975067,19.84726459
109.2713623,55.4160614,20.161013
43.89313507,70.29830933,19.75867508
57.78941727,54.92538071,19.97873498
25.61959457,63.40505981,19.82735907
39.90056992,109.866333,20.33641787
78.02762604,66.77178192,20.03762125
35.88240814,56.85246658,20.10948859
19.67234421,108.6833344,20.06128462
14.85603333,45.95697784,20.01180888
60.06995773,94.8049469,19.61503274
100.4192352,103.0588684,20.3280194
79.73404694,30.94207001,19.73372599
68.08033752,51.05701447,19.87141799
37.07455826,19.54798126,20.08154578
74.32748413,22.87464333,20.1593843
68.30552673,16.13339424,20.23647049
63.60596085,32.52457428,20.30913837
29.21477127,77.12637329,19.95630367
72.94394684,37.50622177,20.0144321
36.14696503,47.12324524,20.27447664
41.26948929,75.15166473,19.91413212
17.15319061,108.3086624,19.69582212
82.61211395,32.61304474,20.21973202
96.11225891,86.22149658,19.73956234
45.0483017,60.97343445,20.04780218
108.3967896,61.30637741,19.89144758
50.70481491,36.6650238,20.17437464
72.52149963,22.08168221,20.29274729
69.37200165,60.62928009,20.0043348
98.05289459,79.16913605,20.27810284
17.14086151,38.06245422,20.27714031
50.03311157,48.0038681,20.20936156
94.89822388,85.71078491,20.25679022
78.20089722,96.1421051,19.71848111
50.69122696,72.00852966,19.78124445
36.06224823,108.2855911,20.04463826
38.07827759,30.20381927,20.09443996
101.235878,38.14067459,19.65941357
92.00830078,47.91569519,19.9570796
41.67793655,80.26177216,19.74379751
109.6822586,102.1643372,20.21377182
15.78486443,36.63727951,19.7424304
68.59503174,95.62620544,20.04883544
95.5451355,76.95119476,19.64896371
79.12535858,29.97761154,19.94803499
46.67072296,78.13009644,20.01580172
90.06647491,29.02193832,20.07347872
47.24026489,14.16560364,19.94383245
20.4515152,38.90441895,20.00835614
104.3069,21.7791729,20.10707224
82.61621094,19.44647217,19.76885174
56.99567413,95.64888763,20.13933283
39.79229355,73.14526367,20.12252695
104.8229904,57.68696976,19.94781403
44.99537277,65.99549866,20.24039777
61.13446808,11.78476143,20.28808084
61.45556641,69.74480438,20.2046158
46.21604919,77.03318024,20.0835477
72.56828308,38.0912323,20.29923179
106.6561737,105.2294006,20.03189208
32.63313675,95.94842529,19.90109921
29.01610947,38.00311661,19.98186635
80.20571136,107.8596039,20.15739275
17.82351494,104.3494568,20.0939262
86.9108429,87.31939697,20.08056165
29.3204422,100.4079895,20.11091386
98.82534027,14.2443676,20.23111259
18.1721096,35.22505951,19.70744611
91.87624359,73.04575348,19.81686086
45.55843735,83.305336,19.64423801
63.90538025,15.49838257,19.70275302
56.76974869,22.59376335,19.74495117
57.60377121,82.99940491,20.30070132
16.09342575,61.52214432,19.72918893
98.70899963,103.3482819,20.17667754
79.69852448,37.44269562,19.91662356
68.46973419,109.493309,19.62310512
88.19088745,19.75123596,19.67681449
102.5972061,44.65484619,19.66679559
15.4357481,79.33013916,19.94544127
77.44989014,39.63293457,20.0568704
36.88894272,42.49496841,20.02752345
16.37281227,34.70497894,20.21085955
40.67211533,86.44329834,20.32749583
102.2691193,38.9740715,19.99708158
69.3380661,22.57924271,20.265236
67.15838623,27.32384109,19.97104553
48.80241394,32.711586,20.10038196
66.15333557,15.07531643,20.30449966
53.81958771,99.77919769,20.11586717
98.05510712,41.82361221,19.70085566
46.21930313,93.83249664,19.77682361
53.82562637,97.97397614,19.99385711
94.77999878,31.91750717,19.97957293
94.17443085,70.82404327,19.67498187
101.2670059,99.92229462,20.35143703
96.19226074,29.73881721,19.64864715
16.83601761,66.66252899,20.15745426
81.03907013,47.4689064,20.12466705
18.96063614,88.90440369,20.09352147
59.92938995,85.22909546,19.7497193
74.37839508,20.59058189,20.10064985
22.65834427,88.59985352,19.94149564
35.28585434,40.74173355,20.18586543
40.1456871,103.960083,19.69048443
66.79518127,75.08338165,19.886703
88.69689178,62.94026566,19.90728862
36.02503586,57.28151321,20.32301755
61.45856476,12.68747139,20.23518977
103.3299561,13.49663258,19.95466453
68.73252869,56.35874176,20.34630625
10.24833488,39.42607117,20.00009682
17.41972351,104.8137512,19.81369173
20.18036842,29.13436127,20.15789761
43.37345886,77.83390045,20.26303679
52.94751358,18.3353653,19.9826525
58.72644424,16.70902443,19.76207661
19.37745857,33.07385254,20.10134026
38.88260269,12.47589874,20.19998299
48.51564789,62.30479813,19.89423905
96.10456848,24.1132164,19.67748079
10.20951748,35.53617096,20.00764181
43.39122391,13.94270897,19.83897067
39.0851059,83.29416656,20.15725342
65.41600037,27.84152222,19.90805312
51.19103241,25.20149231,20.29754135
74.2618103,31.99256706,19.91110885
55.94300461,97.35670471,19.84880866
51.95301437,35.4912262,20.10017085
55.73171997,40.53939438,20.31091094
96.4580307,43.39219666,20.11317625
62.32875061,72.51587677,20.04920688
48.18695068,45.57360077,19.64572185
49.58831406,76.79675293,20.13793059
30.78710938,69.16471863,19.6460508
98.21694946,79.44599915,19.92496551
28.26317215,86.28731537,20.28063141
27.97464561,71.19342041,19.96746691
47.3591156,76.44578552,20.23103359
18.95827484,31.88511276,20.26576202
89.15073395,92.72131348,20.08011416
54.62085342,30.64444542,20.08474824
108.4128189,68.88280487,19.64960586
68.6338501,99.51609802,20.04129044
23.45986557,93.32174683,20.33472866
11.02575302,43.67828751,19.93656208
91.71018219,71.66161346,19.83145532
66.71932983,108.1454163,20.29806057
85.56716156,39.98570633,20.19858756
87.24649811,56.89836502,19.69659657
57.07273102,87.2512207,19.93110099
79.71621704,106.3691025,20.05170412
101.1472321,84.27088165,19.71664277
49.92597961,46.20123672,20.1889237
55.44212723,96.42770386,20.10321201
37.89082336,22.56305695,19.63447739
62.0437355,28.07794952,19.85367023
58.96073914,30.10525703,20.23819634
56.22772598,74.34677887,19.89956671
15.66606712,85.38478088,20.13013658
22.19908524,69.1109314,19.90066402
11.63382721,34.87408066,19.80868456
14.33269501,109.7535553,19.89712077
74.31728363,51.94579315,19.671706
95.17534637,103.9296951,19.97556603
97.57640839,26.15766144,19.61075254
32.14394379,40.62400818,20.03660452
76.55290222,102.5582733,19.9967055
100.7498703,12.43317604,20.04734148
35.69462204,108.1726532,19.78432075
60.17706299,101.7346115,20.01145927
61.57305527,15.55932999,19.69085392
91.74235535,66.30631256,20.12876721
28.8633728,48.70058441,19.86882372
26.08633423,62.17329788,20.18082763
39.34692764,84.47892761,19.95436944
29.57262039,29.40487099,20.18231278
107.8588257,106.3016205,19.87475618
43.64966202,21.39982224,19.73063481
14.89551544,50.64321899,19.83108973
68.7305069,59.09674835,19.71851739
106.5651932,89.21327972,19.88537316
75.28491974,47.79775238,20.0600172
20.88862991,66.72149658,20.1141209
31.47210312,76.31628418,19.76300013
104.539093,53.29452896,20.32171912
30.12890244,61.82293701,20.34406859
68.18586731,99.97382355,19.62102154
40.14783478,79.43215942,19.67238393
34.65716553,23.5775032,19.68535705
64.65904236,77.75645447,20.00213645
30.51817322,23.33090591,19.88357976
69.92164612,82.52038574,19.80571282
38.32520294,60.01235199,20.23043543
56.90037537,13.81565094,19.64335358
87.49139404,90.72666168,19.87003785
91.16120911,49.28509521,19.95331848
32.90878677,18.2098465,20.32286669
